id,name,end,start,bin,change,changey,conveyor,date,endy,hinban,kubun,line,panmm,period,price,processy,seisanh,seisand,slicep,slicev,staff,starty,status,value,kouteicd
239,ＬＷ手巻おにぎり牛焼肉マヨ　＊炊飯変更,,,2,,8,2.5,2020-11-17,2020-11-17,53870,確定,手巻おにぎり,,昼勤,90.35,8,1400,17166.5,,,2,2020-11-17,0,190,手巻おにぎり昼勤2020111720
240,ＬＷ手巻おにぎり牛焼肉マヨ　＊炊飯変更,,,2,,,2.5,2020-11-17,2020-11-17,53870,追加,手巻おにぎり,,昼勤,90.35,1,1600,1355.25,,,3,2020-11-17,0,15,手巻おにぎり昼勤2020111721
241,ＬＷ手巻おにぎり菜彩鶏使用やきとり（辛味噌）,,,2,,5,2.5,2020-11-17,2020-11-17,21378,確定,手巻おにぎり,,昼勤,97.82,6,1600,14673,,,3,2020-11-17,0,150,手巻おにぎり昼勤2020111720
242,ＬＷ手巻おにぎり菜彩鶏使用やきとり（辛味噌）,,,2,,,2.5,2020-11-17,2020-11-17,21378,追加,手巻おにぎり,,昼勤,97.82,2,1600,4988.82,,,3,2020-11-17,0,51,手巻おにぎり昼勤2020111721
243,部品洗浄,,,,,,,2020-11-17,2020-11-17,,,手巻おにぎり,,昼勤,,60,,,,,3,2020-11-17,0,,
244,予備,,,,,,,2020-11-17,2020-11-17,,,直巻おにぎりＢ,,昼勤,,30,,,,,3,2020-11-17,0,,
245,予備,,,,,,,2020-11-17,2020-11-17,,,直巻おにぎりＢ,,昼勤,,30,,,,,3,2020-11-17,0,,
246,休憩,,,,,,,2020-11-17,2020-11-17,,,直巻おにぎりＢ,,昼勤,,60,,,,,,2020-11-17,0,,
247,ＬＷ金しゃりおにぎり塩にぎり　＊炊飯変更,,,2,,,2.5,2020-11-17,2020-11-17,52422,確定,直巻おにぎりＢ,,昼勤,57.66,17,1300,20757.6,,,3,2020-11-17,0,360,直巻おにぎりＢ昼勤2020111720
248,ＬＷ金しゃりおにぎり塩にぎり　＊炊飯変更,,,2,,,2.5,2020-11-17,2020-11-17,52422,追加,直巻おにぎりＢ,,昼勤,57.66,1,1300,807.24,,,4,2020-11-17,0,14,直巻おにぎりＢ昼勤2020111721
249,ＬＷ金しゃりおにぎり熟成生たらこ,,,2,,5,2.5,2020-11-17,2020-11-17,21464,確定,直巻おにぎりＢ,,昼勤,120.78,17,1300,44688.6,,,4,2020-11-17,0,370,直巻おにぎりＢ昼勤2020111720
250,ＬＷ金しゃりおにぎり熟成生たらこ,,,2,,,2.5,2020-11-17,2020-11-17,21464,追加,直巻おにぎりＢ,,昼勤,120.78,3,1300,7609.14,,,4,2020-11-17,0,63,直巻おにぎりＢ昼勤2020111721
251,ＬＷ金しゃりおにぎり炙り辛子明太子,,,2,,5,2.5,2020-11-17,2020-11-17,21465,確定,直巻おにぎりＢ,,昼勤,118.95,14,1300,35685,,,4,2020-11-17,0,300,直巻おにぎりＢ昼勤2020111720
252,ＬＷ金しゃりおにぎり炙り辛子明太子,,,2,,,2.5,2020-11-17,2020-11-17,21465,追加,直巻おにぎりＢ,,昼勤,118.95,1,1300,1070.55,,,4,2020-11-17,0,9,直巻おにぎりＢ昼勤2020111721
253,ＬＷ金しゃりおにぎり熟成すじこ醤油漬　＊炊飯変更,,,2,,5,2.5,2020-11-17,2020-11-17,52421,確定,直巻おにぎりＢ,,昼勤,124.44,10,1300,26132.4,,,3,2020-11-17,0,210,直巻おにぎりＢ昼勤2020111720
254,ＬＷ金しゃりおにぎり熟成すじこ醤油漬　＊炊飯変更,,,2,,,2.5,2020-11-17,2020-11-17,52421,追加,直巻おにぎりＢ,,昼勤,124.44,1,1300,3608.76,,,4,2020-11-17,0,29,直巻おにぎりＢ昼勤2020111721
255,ＬＷ金しゃりおにぎりいくら醤油漬,,,2,,5,2.5,2020-11-17,2020-11-17,21477,確定,直巻おにぎりＢ,,昼勤,126.27,27,1300,73236.6,,,4,2020-11-17,0,580,直巻おにぎりＢ昼勤2020111720
256,ＬＷ金しゃりおにぎりいくら醤油漬,,,2,,,2.5,2020-11-17,2020-11-17,21477,追加,直巻おにぎりＢ,,昼勤,126.27,4,1300,11995.65,,,4,2020-11-17,0,95,直巻おにぎりＢ昼勤2020111721
257,ＬＷ金しゃりおにぎり焼さけハラミ,,,2,,5,2.5,2020-11-17,2020-11-17,21479,確定,直巻おにぎりＢ,,昼勤,123.34,44,1300,117173,,,4,2020-11-17,0,950,直巻おにぎりＢ昼勤2020111720
232,ＬＷ手巻おにぎり熟成辛子明太子　＊炊飯変更,2020-12-15,2020-12-15,2,0,,2.5,2020-11-17,2020-11-17,52381,追加,手巻おにぎり,,昼勤,90.07,1,1600,3332.59,,,3,2020-11-17,1,37,手巻おにぎり昼勤2020111721
230,ＬＷ手巻おにぎり焼鮭ほぐし,2020-12-15,2020-12-15,2,3,,2.5,2020-11-17,2020-11-17,21352,追加,手巻おにぎり,,昼勤,90.35,9,1600,21232.25,,,3,2020-11-17,1,235,手巻おにぎり昼勤2020111721
226,玉取作業,2020-12-15,2020-12-15,,,,,2020-11-17,2020-11-17,,,手巻おにぎり,,昼勤,,120,,,,,3,2020-11-17,1,,
227,部品洗浄,2020-12-15,2020-12-15,,,,,2020-11-17,2020-11-17,,,手巻おにぎり,,昼勤,,30,,,,,3,2020-11-17,1,,
228,休憩,2020-12-15,2020-12-15,,,,,2020-11-17,2020-11-17,,,手巻おにぎり,,昼勤,,60,,,,,,2020-11-17,1,,
229,ＬＷ手巻おにぎり焼鮭ほぐし,2020-12-15,2020-12-15,2,0,,2.5,2020-11-17,2020-11-17,21352,確定,手巻おにぎり,,昼勤,90.35,34,1600,81315,,,3,2020-11-17,1,900,手巻おにぎり昼勤2020111720
231,ＬＷ手巻おにぎり熟成辛子明太子　＊炊飯変更,2020-12-15,2020-12-15,2,0,8,2.5,2020-11-17,2020-11-17,52381,確定,手巻おにぎり,,昼勤,90.07,19,1400,40531.5,,,2,2020-11-17,1,450,手巻おにぎり昼勤2020111720
233,ＬＷ手巻おにぎり熟成焼たらこ　＊炊飯変更,2020-12-15,2020-12-15,2,0,8,2.5,2020-11-17,2020-11-17,52413,確定,手巻おにぎり,,昼勤,91.74,5,1400,11008.8,,,2,2020-11-17,1,120,手巻おにぎり昼勤2020111720
234,ＬＷ手巻おにぎり熟成焼たらこ　＊炊飯変更,2020-12-15,2020-12-15,2,0,,2.5,2020-11-17,2020-11-17,52413,追加,手巻おにぎり,,昼勤,91.74,1,1600,1467.84,,,3,2020-11-17,1,16,手巻おにぎり昼勤2020111721
235,ＬＷ手巻おにぎりすじこ（東北）＊炊飯変更,2020-12-15,2020-12-15,2,0,8,2.5,2020-11-17,2020-11-17,52379,確定,手巻おにぎり,,昼勤,97.23,26,1400,58338,,,2,2020-11-17,1,600,手巻おにぎり昼勤2020111720
236,ＬＷ手巻おにぎりすじこ（東北）＊炊飯変更,2020-12-15,2020-12-15,2,0,,2.5,2020-11-17,2020-11-17,52379,追加,手巻おにぎり,,昼勤,97.23,4,1600,10695.3,,,3,2020-11-17,1,110,手巻おにぎり昼勤2020111721
237,ＬＷ手巻おにぎりタコスミートマヨ,2020-12-15,2020-12-15,2,0,5,2.5,2020-11-17,2020-11-17,21273,確定,手巻おにぎり,,昼勤,83.2,3,1600,5824,,,3,2020-11-17,1,70,手巻おにぎり昼勤2020111720
238,ＬＷ手巻おにぎりタコスミートマヨ,2020-12-15,2020-12-15,2,0,,2.5,2020-11-17,2020-11-17,21273,追加,手巻おにぎり,,昼勤,83.2,1,1600,416,,,3,2020-11-17,1,5,手巻おにぎり昼勤2020111721
258,ＬＷ金しゃりおにぎり焼さけハラミ,,,2,,,2.5,2020-11-17,2020-11-17,21479,追加,直巻おにぎりＢ,,昼勤,123.34,12,1300,30958.34,,,4,2020-11-17,0,251,直巻おにぎりＢ昼勤2020111721
259,ＬＷ金しゃりおにぎり黒毛和牛こぼし,,,2,,5,2.5,2020-11-17,2020-11-17,21524,特注,直巻おにぎりＢ,,昼勤,100,1,1300,1000,,,4,2020-11-17,0,10,直巻おにぎりＢ昼勤2020111720
260,ＬＷ金しゃりおにぎりカニといくら,,,2,,5,2.5,2020-11-17,2020-11-17,21466,確定,直巻おにぎりＢ,,昼勤,157.08,28,1300,94248,,,4,2020-11-17,0,600,直巻おにぎりＢ昼勤2020111720
261,ＬＷ金しゃりおにぎりカニといくら,,,2,,,2.5,2020-11-17,2020-11-17,21466,追加,直巻おにぎりＢ,,昼勤,157.08,4,1300,13194.72,,,4,2020-11-17,0,84,直巻おにぎりＢ昼勤2020111721
262,ＬＷ金しゃりおにぎり松茸と和牛,,,2,,5,2.5,2020-11-17,2020-11-17,21476,確定,直巻おにぎりＢ,,昼勤,157.08,27,1300,91106.4,,,4,2020-11-17,0,580,直巻おにぎりＢ昼勤2020111720
263,ＬＷ金しゃりおにぎり松茸と和牛,,,2,,,2.5,2020-11-17,2020-11-17,21476,追加,直巻おにぎりＢ,,昼勤,157.08,3,1300,10367.28,,,4,2020-11-17,0,66,直巻おにぎりＢ昼勤2020111721
264,ＬＷ大きなおにぎりピリ辛唐揚マヨ,,,2,,5,2.5,2020-11-17,2020-11-17,53930,確定,直巻おにぎりＢ,,昼勤,113.56,12,1200,27254.4,,,3,2020-11-17,0,240,直巻おにぎりＢ昼勤2020111720
265,ＬＷ大きなおにぎりピリ辛唐揚マヨ,,,2,,,2.5,2020-11-17,2020-11-17,53930,追加,直巻おにぎりＢ,,昼勤,113.56,2,1300,5450.88,,,3,2020-11-17,0,48,直巻おにぎりＢ昼勤2020111721
266,部品洗浄,,,,,,,2020-11-17,2020-11-17,,,直巻おにぎりＢ,,昼勤,,30,,,,,3,2020-11-17,0,,
267,予備,,,,,,,2020-11-17,2020-11-17,,,調理パンＢ・直巻おにぎりＡ,,昼勤,,30,,,,,5,2020-11-17,0,,
268,ＬＷＬグードッグトマトオニオン,,,2,,,3,2020-11-17,2020-11-17,9932,確定,調理パンＢ・直巻おにぎりＡ,,昼勤,179.4,53,800,125580,,,5,2020-11-17,0,700,調理パンＢ・直巻おにぎりＡ昼勤2020111720
269,ＬＷＬグードッグトマトオニオン,,,2,,,3,2020-11-17,2020-11-17,9932,追加,調理パンＢ・直巻おにぎりＡ,,昼勤,179.4,2,800,3588,,,5,2020-11-17,0,20,調理パンＢ・直巻おにぎりＡ昼勤2020111721
270,ＬＷＬグードッグミート＆チーズ,,,2,,5,3,2020-11-17,2020-11-17,9848,確定,調理パンＢ・直巻おにぎりＡ,,昼勤,179.4,7,800,16146,,,5,2020-11-17,0,90,調理パンＢ・直巻おにぎりＡ昼勤2020111720
271,ＬＷＬグードッグミート＆チーズ,,,2,,,3,2020-11-17,2020-11-17,9848,追加,調理パンＢ・直巻おにぎりＡ,,昼勤,179.4,3,800,8073,,,5,2020-11-17,0,45,調理パンＢ・直巻おにぎりＡ昼勤2020111721
272,ＬＷＬパリッとジューシーなホットドッグ,,,2,,5,3,2020-11-17,2020-11-17,7663,追加,調理パンＢ・直巻おにぎりＡ,,昼勤,97.27,14,800,18675.84,,,5,2020-11-17,0,192,調理パンＢ・直巻おにぎりＡ昼勤2020111721
273,ＬＷＬチーズバーガー,,,2,,5,3,2020-11-17,2020-11-17,7664,確定,調理パンＢ・直巻おにぎりＡ,,昼勤,125.36,45,800,75216,,,5,2020-11-17,0,600,調理パンＢ・直巻おにぎりＡ昼勤2020111720
274,ＬＷＬチーズバーガー,,,2,,,3,2020-11-17,2020-11-17,7664,追加,調理パンＢ・直巻おにぎりＡ,,昼勤,125.36,1,800,2131.12,,,5,2020-11-17,0,17,調理パンＢ・直巻おにぎりＡ昼勤2020111721
275,ＬＷＬＤＡＩＺＵＭＥＡＴかつのバーガー,,,2,,5,3,2020-11-17,2020-11-17,9174,確定,調理パンＢ・直巻おにぎりＡ,,昼勤,227.5,1,800,3412.5,,,5,2020-11-17,0,15,調理パンＢ・直巻おにぎりＡ昼勤2020111720
276,ＬＷＬとろとろＴＡＭＡＧＯバーガー（デミグラス）,,,2,,5,3,2020-11-17,2020-11-17,9813,確定,調理パンＢ・直巻おにぎりＡ,,昼勤,186.48,1,800,2424.24,,,5,2020-11-17,0,13,調理パンＢ・直巻おにぎりＡ昼勤2020111720
277,予備,,,,,,,2020-11-17,2020-11-17,,,調理パンＢ・直巻おにぎりＡ,,昼勤,,60,,,,,5,2020-11-17,0,,
278,ＬＷわさびいなり２個入,,,2,,,3.5,2020-11-17,2020-11-17,21042,確定,調理パンＢ・直巻おにぎりＡ,,昼勤,96.2,14,750,17316,,,6,2020-11-17,0,180,調理パンＢ・直巻おにぎりＡ昼勤2020111720
279,ＬＷわさびいなり２個入,,,2,,,3,2020-11-17,2020-11-17,21042,追加,調理パンＢ・直巻おにぎりＡ,,昼勤,96.2,5,643,4810,,,6,2020-11-17,0,50,調理パンＢ・直巻おにぎりＡ昼勤2020111721
280,ＬＷいなり３個入,,,2,,3,3.5,2020-11-17,2020-11-17,21043,確定,調理パンＢ・直巻おにぎりＡ,,昼勤,117.11,7,750,10539.9,,,6,2020-11-17,0,90,調理パンＢ・直巻おにぎりＡ昼勤2020111720
281,ＬＷいなり３個入,,,2,,,3,2020-11-17,2020-11-17,21043,追加,調理パンＢ・直巻おにぎりＡ,,昼勤,117.11,2,643,2107.98,,,6,2020-11-17,0,18,調理パンＢ・直巻おにぎりＡ昼勤2020111721
282,ＬＷ和風シーチキンマヨネーズおにぎり,,,2,,5,2.5,2020-11-17,2020-11-17,21317,確定,調理パンＢ・直巻おにぎりＡ,,昼勤,70.94,19,1600,35470,,,3,2020-11-17,0,500,調理パンＢ・直巻おにぎりＡ昼勤2020111720
283,ＬＷ和風シーチキンマヨネーズおにぎり,,,2,,,2.5,2020-11-17,2020-11-17,21317,追加,調理パンＢ・直巻おにぎりＡ,,昼勤,70.94,3,1300,4043.58,,,3,2020-11-17,0,57,調理パンＢ・直巻おにぎりＡ昼勤2020111721
285,ＬＷＬひれかつＢＯＸ,,,2,,,3,2020-11-17,2020-11-17,9492,確定,調理パンＡライン,LWｽﾗｲｽ 20湯捏Lｻﾝﾄﾞｲｯﾁ用食ﾊﾟﾝ13mm(ﾊﾟﾝ),昼勤,241.15,45,800,144690,800,1200,8,2020-11-17,0,600,調理パンＡライン昼勤2020111720
308,予備,,,,,,,2020-11-17,2020-11-17,,,米飯Ａライン,,昼勤,,30,,,,,8,2020-11-17,0,,
309,ＬＷＬ四川風麻婆豆腐丼　＊炊飯変更,,,2,,,2.5,2020-11-17,2020-11-17,53139,確定,米飯Ａライン,,昼勤,274.62,24,600,65908.8,,,8,2020-11-17,0,240,米飯Ａライン昼勤2020111720
310,ＬＷＬ玉ねぎの旨み！チキンカツカレー,,,2,,5,2.5,2020-11-17,2020-11-17,21325,確定,米飯Ａライン,,昼勤,318.09,81,450,194352.99,,,8,2020-11-17,0,611,米飯Ａライン昼勤2020111720
311,ＬＷ豚カルビ弁当もち麦入り（チ弁東北）＊もち麦変更,,,2,,5,2.5,2020-11-17,2020-11-17,52050,確定,米飯Ａライン,,昼勤,245.39,92,520,196312,,,8,2020-11-17,0,800,米飯Ａライン昼勤2020111720
312,休憩,,,,,,,2020-11-17,2020-11-17,,,米飯Ａライン,,昼勤,,60,,,,,,2020-11-17,0,,
313,清掃,,,,,,,2020-11-17,2020-11-17,,,米飯Ａライン,,昼勤,,15,,,,,8,2020-11-17,0,,
314,ＬＷおいなりさん五目,,,2,,,3.5,2020-11-17,2020-11-17,21040,確定,米飯Ａライン,,昼勤,85.8,19,750,20592,,,6,2020-11-17,0,240,米飯Ａライン昼勤2020111720
315,ＬＷおいなりさん五目,,,2,,,3,2020-11-17,2020-11-17,21040,追加,米飯Ａライン,,昼勤,85.8,4,643,3260.4,,,6,2020-11-17,0,38,米飯Ａライン昼勤2020111721
316,ＬＷおいなりさん鶏きのこ,,,2,,3,3,2020-11-17,2020-11-17,21501,特注,米飯Ａライン,,昼勤,100,1,643,1000,,,6,2020-11-17,0,10,米飯Ａライン昼勤2020111720
317,ＬＷ旨辛ビビンパ,,,2,,5,2.5,2020-11-17,2020-11-17,21260,確定,米飯Ａライン,,昼勤,254.61,47,450,89368.11,,,8,2020-11-17,0,351,米飯Ａライン昼勤2020111720
318,ＬＷＬだしの旨み！牛丼,,,2,,5,2.5,2020-11-17,2020-11-17,53934,確定,米飯Ａライン,,昼勤,287.73,19,550,48914.1,,,8,2020-11-17,0,170,米飯Ａライン昼勤2020111720
290,清掃,,,,,,,2020-11-17,2020-11-17,,,調理パンＡライン,,昼勤,,15,,,,,8,2020-11-17,0,,
291,ＬＷＬツナ＆たまごサンド,,,2,,,3,2020-11-17,2020-11-17,9390,確定,調理パンＡライン,LWｽﾗｲｽ 20湯捏Lｻﾝﾄﾞｲｯﾁ用食ﾊﾟﾝ12mm(ﾊﾟﾝ),昼勤,132.93,60,1200,159516,800,2400,8,2020-11-17,0,1200,調理パンＡライン昼勤2020111720
319,ＬＷＬだしの旨み！牛丼,,,2,,,2.5,2020-11-17,2020-11-17,53934,追加,米飯Ａライン,,昼勤,287.73,2,450,4891.41,,,8,2020-11-17,0,17,米飯Ａライン昼勤2020111721
320,ＬＷミックス弁当（チ弁東北）＊炊飯変更,,,2,,5,2.5,2020-11-17,2020-11-17,52165,確定,米飯Ａライン,,昼勤,371.18,18,480,51965.2,,,8,2020-11-17,0,140,米飯Ａライン昼勤2020111720
321,ＬＷミックス弁当（チ弁東北）＊炊飯変更,,,2,,,2.5,2020-11-17,2020-11-17,52165,追加,米飯Ａライン,,昼勤,371.18,3,450,8908.32,,,8,2020-11-17,0,24,米飯Ａライン昼勤2020111721
322,ＬＷＬ四川風麻婆豆腐丼　＊炊飯変更,,,2,,5,2.5,2020-11-17,2020-11-17,53139,追加,米飯Ａライン,,昼勤,274.62,8,450,15927.96,,,8,2020-11-17,0,58,米飯Ａライン昼勤2020111721
323,ＬＷ牛すき焼重,,,2,,5,2.5,2020-11-17,2020-11-17,21152,確定,米飯Ａライン,,昼勤,452.2,1,450,1356.6,,,8,2020-11-17,0,3,米飯Ａライン昼勤2020111720
324,ＬＷきのこご飯の紅鮭和風幕の内,,,2,,5,2.5,2020-11-17,2020-11-17,21056,確定,米飯Ａライン,,昼勤,351.21,15,450,38633.1,,,8,2020-11-17,0,110,米飯Ａライン昼勤2020111720
325,ＬＷきのこご飯の紅鮭和風幕の内,,,2,,,2.5,2020-11-17,2020-11-17,21056,追加,米飯Ａライン,,昼勤,351.21,7,450,18965.34,,,8,2020-11-17,0,54,米飯Ａライン昼勤2020111721
326,ＬＷ豚カルビ弁当もち麦入り（チ弁東北）＊もち麦変更,,,2,,5,2.5,2020-11-17,2020-11-17,52050,追加,米飯Ａライン,,昼勤,245.39,15,450,28219.85,,,8,2020-11-17,0,115,米飯Ａライン昼勤2020111721
327,ＬＷＬ幸楽苑監修肉あんかけ炒飯,,,2,,5,2.5,2020-11-17,2020-11-17,21211,確定,米飯Ａライン,,昼勤,351.21,19,450,49169.4,,,8,2020-11-17,0,140,米飯Ａライン昼勤2020111720
328,ＬＷＬ幸楽苑監修肉あんかけ炒飯,,,2,,,2.5,2020-11-17,2020-11-17,21211,追加,米飯Ａライン,,昼勤,351.21,1,450,2458.47,,,8,2020-11-17,0,7,米飯Ａライン昼勤2020111721
329,ＬＷＬふわとろたまオムライス,,,2,,5,2.5,2020-11-17,2020-11-17,53877,確定,米飯Ａライン,,昼勤,318.09,44,400,94154.64,,,8,2020-11-17,0,296,米飯Ａライン昼勤2020111720
330,ＬＴ）ＬＷ肉モリモリ弁当,,,2,,5,2.5,2020-11-17,2020-11-17,21504,特注,米飯Ａライン,,昼勤,100,1,450,1000,,,8,2020-11-17,0,10,米飯Ａライン昼勤2020111720
331,ＬＴ）ＬＷＩＲＯＣＯＲＯ鮭の醤油焼わっぱ風弁当,,,2,,5,2.5,2020-11-17,2020-11-17,21527,特注,米飯Ａライン,,昼勤,100,1,450,1000,,,8,2020-11-17,0,10,米飯Ａライン昼勤2020111720
332,ＬＴ）ＬＷＬプリプリ海老チリ炒飯,,,2,,5,2.5,2020-11-17,2020-11-17,21506,特注,米飯Ａライン,,昼勤,100,1,450,1000,,,8,2020-11-17,0,10,米飯Ａライン昼勤2020111720
334,玉取作業,2020-12-05,2020-12-05,,,,,2020-12-03,2020-12-03,,,手巻おにぎり,,昼勤,,120,,,,,3,2020-12-03,1,,
284,予備,,,,,,,2020-11-17,2020-11-17,,,調理パンＡライン,,昼勤,,30,,,,,8,2020-11-17,0,,
286,ＬＷＬ照焼チキンたまごサンド,,,2,,5,3,2020-11-17,2020-11-17,8655,確定,調理パンＡライン,LW ｽﾗｲｽ 20湯捏Lｻﾝﾄﾞｲｯﾁ用食ﾊﾟﾝ10mm(ﾊﾟﾝ,昼勤,178.02,56,800,133515,800,2250,8,2020-11-17,0,750,調理パンＡライン昼勤2020111720
335,部品洗浄,,,,,,,2020-12-03,2020-12-03,,,手巻おにぎり,,昼勤,,30,,,,,3,2020-12-03,0,,
336,休憩,,,,,,,2020-12-03,2020-12-03,,,手巻おにぎり,,昼勤,,60,,,,,,2020-12-03,0,,
337,ＬＷ手巻おにぎり焼鮭ほぐし,,,2,,,2.5,2020-12-03,2020-12-03,21352,予測,手巻おにぎり,,昼勤,90.35,37,1600,90350,,,3,2020-12-03,0,1000,手巻おにぎり昼勤2020120320
338,ＬＷ手巻おにぎり熟成辛子明太子　＊炊飯変更,,,2,,8,2.5,2020-12-03,2020-12-03,52381,予測,手巻おにぎり,,昼勤,90.07,17,1400,36028,,,2,2020-12-03,0,400,手巻おにぎり昼勤2020120320
339,ＬＷ手巻おにぎり熟成焼たらこ　＊炊飯変更,,,2,,8,2.5,2020-12-03,2020-12-03,52413,予測,手巻おにぎり,,昼勤,91.74,6,1400,11926.2,,,2,2020-12-03,0,130,手巻おにぎり昼勤2020120320
340,ＬＷ手巻おにぎりすじこ（東北）＊炊飯変更,,,2,,8,2.5,2020-12-03,2020-12-03,52379,予測,手巻おにぎり,,昼勤,97.23,26,1400,58338,,,2,2020-12-03,0,600,手巻おにぎり昼勤2020120320
341,ＬＷ手巻おにぎり牛タン味噌マヨ,,,2,,5,2.5,2020-12-03,2020-12-03,21578,予測,手巻おにぎり,,昼勤,91.74,19,1600,45870,,,3,2020-12-03,0,500,手巻おにぎり昼勤2020120320
342,ＬＷ手巻おにぎりエビラー,,,2,,5,2.5,2020-12-03,2020-12-03,21525,予測,手巻おにぎり,,昼勤,90.35,14,1600,33429.5,,,3,2020-12-03,0,370,手巻おにぎり昼勤2020120320
343,ＬＷ手巻おにぎりねぎチャー,,,2,,5,2.5,2020-12-03,2020-12-03,21526,予測,手巻おにぎり,,昼勤,90.35,15,1600,35236.5,,,3,2020-12-03,0,390,手巻おにぎり昼勤2020120320
289,ＬＷジューシーハムサンド,,,2,,,3,2020-11-17,2020-11-17,9634,追加,調理パンＡライン,LWｽﾗｲｽ 20湯捏Lｻﾝﾄﾞｲｯﾁ用食ﾊﾟﾝ13mm(ﾊﾟﾝ),昼勤,157.74,5,800,11515.02,800,146,8,2020-11-17,0,73,調理パンＡライン昼勤2020111721
307,ＬＷＬひれかつＢＯＸ,,,2,,5,3,2020-11-17,2020-11-17,9492,追加,調理パンＡライン,LWｽﾗｲｽ 20湯捏Lｻﾝﾄﾞｲｯﾁ用食ﾊﾟﾝ13mm(ﾊﾟﾝ),昼勤,241.15,3,800,10369.45,800,86,8,2020-11-17,0,46,調理パンＡライン昼勤2020111721
344,ＬＷ手巻おにぎり菜彩鶏使用やきとり（辛味噌）,,,2,,5,2.5,2020-12-03,2020-12-03,21378,前日,手巻おにぎり,,昼勤,97.82,1,1600,1271.66,,,3,2020-12-03,0,13,手巻おにぎり昼勤2020120320
345,ＬＷ手巻おにぎり紀州南高梅　＊炊飯変更,,,2,,5,2.5,2020-12-03,2020-12-03,52398,予測,手巻おにぎり,,昼勤,75.98,25,1900,59264.4,,,2,2020-12-03,0,780,手巻おにぎり昼勤2020120320
346,ＬＷ手巻おにぎりおかか　＊炊飯変更,,,2,,5,2.5,2020-12-03,2020-12-03,52388,予測,手巻おにぎり,,昼勤,70.62,15,1900,33897.6,,,2,2020-12-03,0,480,手巻おにぎり昼勤2020120320
347,部品洗浄,,,,,,,2020-12-03,2020-12-03,,,手巻おにぎり,,昼勤,,60,,,,,2,2020-12-03,0,,
348,予備,,,,,,,2020-12-03,2020-12-03,,,直巻おにぎりＢ,,昼勤,,30,,,,,3,2020-12-03,0,,
349,予備,,,,,,,2020-12-03,2020-12-03,,,直巻おにぎりＢ,,昼勤,,30,,,,,3,2020-12-03,0,,
350,休憩,,,,,,,2020-12-03,2020-12-03,,,直巻おにぎりＢ,,昼勤,,60,,,,,,2020-12-03,0,,
351,ＬＷ金しゃりおにぎり塩にぎり　＊炊飯変更,,,2,,,2.5,2020-12-03,2020-12-03,52422,予測,直巻おにぎりＢ,,昼勤,57.66,17,1300,20757.6,,,3,2020-12-03,0,360,直巻おにぎりＢ昼勤2020120320
352,ＬＷ金しゃりおにぎり熟成生たらこ,,,2,,5,2.5,2020-12-03,2020-12-03,21464,予測,直巻おにぎりＢ,,昼勤,120.78,9,1300,24156,,,4,2020-12-03,0,200,直巻おにぎりＢ昼勤2020120320
353,ＬＷ金しゃりおにぎり炙り辛子明太子,,,2,,5,2.5,2020-12-03,2020-12-03,21465,予測,直巻おにぎりＢ,,昼勤,118.95,5,1300,11895,,,4,2020-12-03,0,100,直巻おにぎりＢ昼勤2020120320
354,ＬＷ金しゃりおにぎり熟成すじこ醤油漬　＊炊飯変更,,,2,,5,2.5,2020-12-03,2020-12-03,52421,予測,直巻おにぎりＢ,,昼勤,124.44,8,1300,21154.8,,,3,2020-12-03,0,170,直巻おにぎりＢ昼勤2020120320
355,ＬＷ金しゃりおにぎりいくら醤油漬,,,2,,5,2.5,2020-12-03,2020-12-03,21477,予測,直巻おにぎりＢ,,昼勤,126.27,22,1300,60609.6,,,4,2020-12-03,0,480,直巻おにぎりＢ昼勤2020120320
356,ＬＷ金しゃりおにぎり焼さけハラミ,,,2,,5,2.5,2020-12-03,2020-12-03,21479,予測,直巻おにぎりＢ,,昼勤,123.34,39,1300,104839,,,4,2020-12-03,0,850,直巻おにぎりＢ昼勤2020120320
357,ＬＷ金しゃりおにぎり銀だら西京漬焼,,,2,,5,2.5,2020-12-03,2020-12-03,21577,予測,直巻おにぎりＢ,,昼勤,131.34,21,1300,59103,,,4,2020-12-03,0,450,直巻おにぎりＢ昼勤2020120320
358,ＬＷ金しゃりおにぎり黒毛和牛こぼし,,,2,,5,2.5,2020-12-03,2020-12-03,21524,予測,直巻おにぎりＢ,,昼勤,182.82,6,1300,25594.8,,,4,2020-12-03,0,140,直巻おにぎりＢ昼勤2020120320
359,ＬＷ金しゃりおにぎりカニといくら,,,2,,5,2.5,2020-12-03,2020-12-03,21466,予測,直巻おにぎりＢ,,昼勤,157.08,9,1300,31416,,,4,2020-12-03,0,200,直巻おにぎりＢ昼勤2020120320
360,ＬＷ金しゃりおにぎり松茸と和牛,,,2,,5,2.5,2020-12-03,2020-12-03,21476,予測,直巻おにぎりＢ,,昼勤,157.08,3,1300,10995.6,,,4,2020-12-03,0,70,直巻おにぎりＢ昼勤2020120320
361,ＬＷ大きなおにぎりピリ辛唐揚マヨ,,,2,,5,2.5,2020-12-03,2020-12-03,53930,予測,直巻おにぎりＢ,,昼勤,113.56,12,1200,28390,,,3,2020-12-03,0,250,直巻おにぎりＢ昼勤2020120320
362,ＬＷ吉村家監修焼豚おにぎり,,,2,,5,2.5,2020-12-03,2020-12-03,21556,前日,直巻おにぎりＢ,,昼勤,91.05,34,1300,67103.85,,,3,2020-12-03,0,737,直巻おにぎりＢ昼勤2020120320
363,部品洗浄,,,,,,,2020-12-03,2020-12-03,,,直巻おにぎりＢ,,昼勤,,30,,,,,3,2020-12-03,0,,
364,ＬＷＬグードッグトマトオニオン,,,2,,,3,2020-12-03,2020-12-03,9932,予測,調理パンＢ・直巻おにぎりＡ,,昼勤,179.4,30,800,71760,,,5,2020-12-03,0,400,調理パンＢ・直巻おにぎりＡ昼勤2020120320
365,ＬＷＬグードッグミート＆チーズ,,,2,,5,3,2020-12-03,2020-12-03,9848,予測,調理パンＢ・直巻おにぎりＡ,,昼勤,179.4,8,800,17940,,,5,2020-12-03,0,100,調理パンＢ・直巻おにぎりＡ昼勤2020120320
366,ＬＷＬチーズバーガー,,,2,,5,3,2020-12-03,2020-12-03,7664,予測,調理パンＢ・直巻おにぎりＡ,,昼勤,125.36,45,800,75216,,,5,2020-12-03,0,600,調理パンＢ・直巻おにぎりＡ昼勤2020120320
367,予備,,,,,,,2020-12-03,2020-12-03,,,調理パンＢ・直巻おにぎりＡ,,昼勤,,60,,,,,5,2020-12-03,0,,
368,ＬＷわさびいなり２個入,,,2,,,3.5,2020-12-03,2020-12-03,21042,予測,調理パンＢ・直巻おにぎりＡ,,昼勤,96.2,16,750,19240,,,6,2020-12-03,0,200,調理パンＢ・直巻おにぎりＡ昼勤2020120320
369,ＬＷいなり３個入,,,2,,3,3.5,2020-12-03,2020-12-03,21043,予測,調理パンＢ・直巻おにぎりＡ,,昼勤,117.11,7,750,10539.9,,,6,2020-12-03,0,90,調理パンＢ・直巻おにぎりＡ昼勤2020120320
370,ＬＷ和風シーチキンマヨネーズおにぎり,,,2,,5,2.5,2020-12-03,2020-12-03,21317,予測,調理パンＢ・直巻おにぎりＡ,,昼勤,70.94,19,1600,35470,,,3,2020-12-03,0,500,調理パンＢ・直巻おにぎりＡ昼勤2020120320
371,ＬＷ早池峰みそ仕立ての焼おにぎり　＊炊飯変更,,,2,,5,2.5,2020-12-03,2020-12-03,53365,予測,調理パンＢ・直巻おにぎりＡ,,昼勤,72.15,18,1600,33910.5,,,2,2020-12-03,0,470,調理パンＢ・直巻おにぎりＡ昼勤2020120320
374,ＬＷＬ照焼チキンたまごサンド,,,2,,5,3,2020-12-03,2020-12-03,8655,予測,調理パンＡライン,LW ｽﾗｲｽ 20湯捏Lｻﾝﾄﾞｲｯﾁ用食ﾊﾟﾝ10mm(ﾊﾟﾝ,昼勤,178.02,56,800,133515,800,2250,8,2020-12-03,0,750,調理パンＡライン昼勤2020120320
387,予備,,,,,,,2020-12-03,2020-12-03,,,米飯Ａライン,,昼勤,,30,,,,,8,2020-12-03,0,,
388,ＬＷＬ四川風麻婆豆腐丼　＊白ねぎ変更,,,2,,,2.5,2020-12-03,2020-12-03,53139,予測,米飯Ａライン,,昼勤,274.62,30,600,82386,,,8,2020-12-03,0,300,米飯Ａライン昼勤2020120320
389,ＬＷＬ玉ねぎの旨み！チキンカツカレー,,,2,,5,2.5,2020-12-03,2020-12-03,21325,予測,米飯Ａライン,,昼勤,318.09,80,450,190854,,,8,2020-12-03,0,600,米飯Ａライン昼勤2020120320
390,ＬＷ豚カルビ弁当もち麦入り（チ弁東北）＊もち麦変更,,,2,,5,2.5,2020-12-03,2020-12-03,52050,予測,米飯Ａライン,,昼勤,245.39,98,520,208581.5,,,8,2020-12-03,0,850,米飯Ａライン昼勤2020120320
391,ＬＷ旨辛ビビンパ　＊キムチ変更,,,2,,5,2.5,2020-12-03,2020-12-03,21260,予測,米飯Ａライン,,昼勤,254.61,27,450,50922,,,8,2020-12-03,0,200,米飯Ａライン昼勤2020120320
392,清掃,,,,,,,2020-12-03,2020-12-03,,,米飯Ａライン,,昼勤,,15,,,,,8,2020-12-03,0,,
393,休憩,,,,,,,2020-12-03,2020-12-03,,,米飯Ａライン,,昼勤,,60,,,,,,2020-12-03,0,,
394,ＬＷおいなりさん五目,,,2,,,3,2020-12-03,2020-12-03,21040,予測,米飯Ａライン,,昼勤,85.8,21,643,19734,,,6,2020-12-03,0,230,米飯Ａライン昼勤2020120320
395,ＬＷおいなりさん鶏きのこ,,,2,,3,3,2020-12-03,2020-12-03,21501,予測,米飯Ａライン,,昼勤,110.22,12,643,14328.6,,,6,2020-12-03,0,130,米飯Ａライン昼勤2020120320
396,ＬＷＬだしの旨み！牛丼,,,2,,5,2.5,2020-12-03,2020-12-03,53934,予測,米飯Ａライン,,昼勤,287.73,19,550,48914.1,,,8,2020-12-03,0,170,米飯Ａライン昼勤2020120320
397,ＬＷ（東北）チキンカツ弁当,,,2,,5,2.5,2020-12-03,2020-12-03,21596,予測,米飯Ａライン,,昼勤,297.48,23,450,50571.6,,,8,2020-12-03,0,170,米飯Ａライン昼勤2020120320
398,ＬＷＩＲＯＣＯＲＯ鮭の醤油焼わっぱ風弁当,,,2,,5,2.5,2020-12-03,2020-12-03,21527,予測,米飯Ａライン,,昼勤,338.79,25,450,64370.1,,,8,2020-12-03,0,190,米飯Ａライン昼勤2020120320
399,ＬＷきのこご飯の紅鮭和風幕の内,,,2,,5,2.5,2020-12-03,2020-12-03,21056,予測,米飯Ａライン,,昼勤,351.21,11,450,28096.8,,,8,2020-12-03,0,80,米飯Ａライン昼勤2020120320
400,ＬＷ予約弁当贅沢御膳　＊れんこん変更,,,2,,5,2.5,2020-12-03,2020-12-03,50829,前日,米飯Ａライン,,昼勤,972,3,300,12636,,,8,2020-12-03,0,13,米飯Ａライン昼勤2020120320
401,ＬＷＬ幸楽苑監修肉あんかけ炒飯,,,2,,5,2.5,2020-12-03,2020-12-03,21211,予測,米飯Ａライン,,昼勤,351.21,5,450,12292.35,,,8,2020-12-03,0,35,米飯Ａライン昼勤2020120320
402,ＬＷＬプリプリ海老チリ炒飯,,,2,,5,2.5,2020-12-03,2020-12-03,21506,予測,米飯Ａライン,,昼勤,351.21,29,450,77266.2,,,8,2020-12-03,0,220,米飯Ａライン昼勤2020120320
403,ＬＷＬふわとろたまオムライス,,,2,,5,2.5,2020-12-03,2020-12-03,53877,予測,米飯Ａライン,,昼勤,318.09,34,400,73160.7,,,8,2020-12-03,0,230,米飯Ａライン昼勤2020120320
404,玉取作業,,,,,,,2020-12-07,2020-12-07,,,手巻おにぎり,,昼勤,,120,,,,,3,2020-12-07,0,,
405,部品洗浄,,,,,,,2020-12-07,2020-12-07,,,手巻おにぎり,,昼勤,,30,,,,,3,2020-12-07,0,,
406,休憩,,,,,,,2020-12-07,2020-12-07,,,手巻おにぎり,,昼勤,,60,,,,,,2020-12-07,0,,
407,ＬＷ手巻おにぎり焼鮭ほぐし,,,2,,,2.5,2020-12-07,2020-12-07,21352,予測,手巻おにぎり,,昼勤,90.35,31,1600,75894,,,3,2020-12-07,0,840,手巻おにぎり昼勤2020120720
408,ＬＷ手巻おにぎり熟成辛子明太子　＊炊飯変更,,,2,,8,2.5,2020-12-07,2020-12-07,52381,予測,手巻おにぎり,,昼勤,90.07,15,1400,32425.2,,,2,2020-12-07,0,360,手巻おにぎり昼勤2020120720
409,ＬＷ手巻おにぎり熟成焼たらこ　＊炊飯変更,,,2,,8,2.5,2020-12-07,2020-12-07,52413,予測,手巻おにぎり,,昼勤,91.74,5,1400,10091.4,,,2,2020-12-07,0,110,手巻おにぎり昼勤2020120720
410,ＬＷ手巻おにぎりすじこ（東北）＊炊飯変更,,,2,,8,2.5,2020-12-07,2020-12-07,52379,予測,手巻おにぎり,,昼勤,97.23,23,1400,51531.9,,,2,2020-12-07,0,530,手巻おにぎり昼勤2020120720
411,ＬＷ手巻おにぎり牛タン味噌マヨ,,,2,,5,2.5,2020-12-07,2020-12-07,21578,予測,手巻おにぎり,,昼勤,91.74,13,1600,32109,,,3,2020-12-07,0,350,手巻おにぎり昼勤2020120720
412,ＬＷ手巻おにぎりエビラー,,,2,,5,2.5,2020-12-07,2020-12-07,21525,予測,手巻おにぎり,,昼勤,90.35,9,1600,20780.5,,,3,2020-12-07,0,230,手巻おにぎり昼勤2020120720
413,ＬＷ手巻おにぎりねぎチャー,,,2,,5,2.5,2020-12-07,2020-12-07,21526,予測,手巻おにぎり,,昼勤,90.35,10,1600,24394.5,,,3,2020-12-07,0,270,手巻おにぎり昼勤2020120720
414,ＬＷ手巻おにぎり菜彩鶏使用やきとり（辛味噌）,,,2,,5,2.5,2020-12-07,2020-12-07,21378,前日,手巻おにぎり,,昼勤,97.82,1,1600,978.2,,,3,2020-12-07,0,10,手巻おにぎり昼勤2020120720
415,ＬＷ（東北）手巻おにぎり純和鶏使用やきとり（ねぎ醤,,,2,,5,2.5,2020-12-07,2020-12-07,21640,予測,手巻おにぎり,,昼勤,97.82,25,1600,66517.6,,,3,2020-12-07,0,680,手巻おにぎり昼勤2020120720
416,ＬＷ手巻おにぎり紀州南高梅　＊炊飯変更,,,2,,5,2.5,2020-12-07,2020-12-07,52398,予測,手巻おにぎり,,昼勤,75.98,26,1600,53186,,,3,2020-12-07,0,700,手巻おにぎり昼勤2020120720
417,部品洗浄,,,,,,,2020-12-07,2020-12-07,,,手巻おにぎり,,昼勤,,60,,,,,3,2020-12-07,0,,
418,予備,,,,,,,2020-12-07,2020-12-07,,,直巻おにぎりＢ,,昼勤,,30,,,,,3,2020-12-07,0,,
419,予備,,,,,,,2020-12-07,2020-12-07,,,直巻おにぎりＢ,,昼勤,,30,,,,,3,2020-12-07,0,,
420,休憩,,,,,,,2020-12-07,2020-12-07,,,直巻おにぎりＢ,,昼勤,,60,,,,,,2020-12-07,0,,
421,ＬＷ金しゃりおにぎり塩にぎり　＊炊飯変更,,,2,,,2.5,2020-12-07,2020-12-07,52422,予測,直巻おにぎりＢ,,昼勤,57.66,15,1300,18451.2,,,3,2020-12-07,0,320,直巻おにぎりＢ昼勤2020120720
422,ＬＷ金しゃりおにぎり熟成生たらこ,,,2,,5,2.5,2020-12-07,2020-12-07,21464,予測,直巻おにぎりＢ,,昼勤,120.78,6,1300,15701.4,,,4,2020-12-07,0,130,直巻おにぎりＢ昼勤2020120720
423,ＬＷ金しゃりおにぎり炙り辛子明太子,,,2,,5,2.5,2020-12-07,2020-12-07,21465,予測,直巻おにぎりＢ,,昼勤,118.95,3,1300,8326.5,,,4,2020-12-07,0,70,直巻おにぎりＢ昼勤2020120720
424,ＬＷ金しゃりおにぎり熟成すじこ醤油漬　＊炊飯変更,,,2,,5,2.5,2020-12-07,2020-12-07,52421,予測,直巻おにぎりＢ,,昼勤,124.44,7,1300,18666,,,3,2020-12-07,0,150,直巻おにぎりＢ昼勤2020120720
425,ＬＷ金しゃりおにぎりいくら醤油漬,,,2,,5,2.5,2020-12-07,2020-12-07,21477,予測,直巻おにぎりＢ,,昼勤,126.27,18,1300,50508,,,4,2020-12-07,0,400,直巻おにぎりＢ昼勤2020120720
426,ＬＷ金しゃりおにぎり焼さけハラミ,,,2,,5,2.5,2020-12-07,2020-12-07,21479,予測,直巻おにぎりＢ,,昼勤,123.34,33,1300,88804.8,,,4,2020-12-07,0,720,直巻おにぎりＢ昼勤2020120720
427,ＬＷ金しゃりおにぎり銀だら西京漬焼,,,2,,5,2.5,2020-12-07,2020-12-07,21577,予測,直巻おにぎりＢ,,昼勤,131.34,12,1300,32835,,,4,2020-12-07,0,250,直巻おにぎりＢ昼勤2020120720
428,ＬＷ金しゃりおにぎり黒毛和牛こぼし,,,2,,5,2.5,2020-12-07,2020-12-07,21524,予測,直巻おにぎりＢ,,昼勤,182.82,3,1300,10969.2,,,4,2020-12-07,0,60,直巻おにぎりＢ昼勤2020120720
429,ＬＷ金しゃりおにぎり松茸と和牛,,,2,,5,2.5,2020-12-07,2020-12-07,21476,予測,直巻おにぎりＢ,,昼勤,157.08,1,1300,3141.6,,,4,2020-12-07,0,20,直巻おにぎりＢ昼勤2020120720
430,ＬＷ大きなおにぎりピリ辛唐揚マヨ,,,2,,5,2.5,2020-12-07,2020-12-07,53930,予測,直巻おにぎりＢ,,昼勤,113.56,11,1200,24983.2,,,3,2020-12-07,0,220,直巻おにぎりＢ昼勤2020120720
431,ＬＷ吉村家監修焼豚おにぎり,,,2,,5,2.5,2020-12-07,2020-12-07,21556,予測,直巻おにぎりＢ,,昼勤,91.05,16,1300,31867.5,,,3,2020-12-07,0,350,直巻おにぎりＢ昼勤2020120720
432,ＬＷ東北）バター風味醤油仕立て青森県産帆立おにぎり,,,2,,5,2.5,2020-12-07,2020-12-07,21641,予測,直巻おにぎりＢ,,昼勤,94.52,28,1300,56712,,,3,2020-12-07,0,600,直巻おにぎりＢ昼勤2020120720
433,部品洗浄,,,,,,,2020-12-07,2020-12-07,,,直巻おにぎりＢ,,昼勤,,30,,,,,3,2020-12-07,0,,
434,ＬＷＬパリッとジューシーなホットドッグ,,,2,,,3,2020-12-07,2020-12-07,7663,予測,調理パンＢ・直巻おにぎりＡ,,昼勤,97.27,64,800,82679.5,,,5,2020-12-07,0,850,調理パンＢ・直巻おにぎりＡ昼勤2020120720
435,ＬＷＬグードッグトマトオニオン,,,2,,,3,2020-12-07,2020-12-07,9932,予測,調理パンＢ・直巻おにぎりＡ,,昼勤,179.4,26,800,60996,,,5,2020-12-07,0,340,調理パンＢ・直巻おにぎりＡ昼勤2020120720
436,ＬＷＬグードッグミート＆チーズ,,,2,,5,3,2020-12-07,2020-12-07,9848,予測,調理パンＢ・直巻おにぎりＡ,,昼勤,179.4,6,800,14352,,,5,2020-12-07,0,80,調理パンＢ・直巻おにぎりＡ昼勤2020120720
437,ＬＷＬチーズバーガー,,,2,,5,3,2020-12-07,2020-12-07,7664,予測,調理パンＢ・直巻おにぎりＡ,,昼勤,125.36,43,800,71455.2,,,5,2020-12-07,0,570,調理パンＢ・直巻おにぎりＡ昼勤2020120720
438,ＬＷＬとろとろＴＡＭＡＧＯ＆ベーコンバーガー,,,2,,5,3,2020-12-07,2020-12-07,10042,予測,調理パンＢ・直巻おにぎりＡ,,昼勤,186.48,38,600,70862.4,,,5,2020-12-07,0,380,調理パンＢ・直巻おにぎりＡ昼勤2020120720
439,予備,,,,,,,2020-12-07,2020-12-07,,,調理パンＢ・直巻おにぎりＡ,,昼勤,,60,,,,,5,2020-12-07,0,,
440,ＬＷわさびいなり２個入,,,2,,,3.5,2020-12-07,2020-12-07,21042,予測,調理パンＢ・直巻おにぎりＡ,,昼勤,96.2,14,750,17316,,,6,2020-12-07,0,180,調理パンＢ・直巻おにぎりＡ昼勤2020120720
441,ＬＷいなり３個入,,,2,,3,3.5,2020-12-07,2020-12-07,21043,予測,調理パンＢ・直巻おにぎりＡ,,昼勤,117.11,6,750,9368.8,,,6,2020-12-07,0,80,調理パンＢ・直巻おにぎりＡ昼勤2020120720
442,ＬＷ和風シーチキンマヨネーズおにぎり,,,2,,5,2.5,2020-12-07,2020-12-07,21317,予測,調理パンＢ・直巻おにぎりＡ,,昼勤,70.94,16,1600,30504.2,,,3,2020-12-07,0,430,調理パンＢ・直巻おにぎりＡ昼勤2020120720
443,ＬＷ早池峰みそ仕立ての焼おにぎり　＊炊飯変更,,,2,,5,2.5,2020-12-07,2020-12-07,53365,予測,調理パンＢ・直巻おにぎりＡ,,昼勤,72.15,16,1600,30303,,,2,2020-12-07,0,420,調理パンＢ・直巻おにぎりＡ昼勤2020120720
458,予備,,,,,,,2020-12-07,2020-12-07,,,米飯Ｂライン,,昼勤,,30,,,,,6,2020-12-07,0,,
459,予備,,,,,,,2020-12-07,2020-12-07,,,米飯Ｂライン,,昼勤,,360,,,,,6,2020-12-07,0,,
460,ＬＷ手巻寿司海老マヨ,,,2,,,3,2020-12-07,2020-12-07,21621,前日,米飯Ｂライン,,昼勤,95.46,23,643,23865,,,6,2020-12-07,0,250,米飯Ｂライン昼勤2020120720
461,ＬＷ手巻寿司ねぎとろ,,,2,,3,3,2020-12-07,2020-12-07,21614,予測,米飯Ｂライン,,昼勤,106.88,32,643,36339.2,,,6,2020-12-07,0,340,米飯Ｂライン昼勤2020120720
462,予備,,,,,,,2020-12-07,2020-12-07,,,米飯Ａライン,,昼勤,,30,,,,,8,2020-12-07,0,,
463,ＬＷＬ四川風麻婆豆腐丼　＊白ねぎ変更,,,2,,,2.5,2020-12-07,2020-12-07,53139,予測,米飯Ａライン,,昼勤,274.62,30,600,82386,,,8,2020-12-07,0,300,米飯Ａライン昼勤2020120720
464,ＬＷＬ玉ねぎの旨み！チキンカツカレー,,,2,,5,2.5,2020-12-07,2020-12-07,21325,予測,米飯Ａライン,,昼勤,318.09,80,450,190854,,,8,2020-12-07,0,600,米飯Ａライン昼勤2020120720
465,ＬＷ豚カルビ弁当もち麦入り（チ弁東北）＊もち麦変更,,,2,,5,2.5,2020-12-07,2020-12-07,52050,予測,米飯Ａライン,,昼勤,245.39,98,520,208581.5,,,8,2020-12-07,0,850,米飯Ａライン昼勤2020120720
466,ＬＷ旨辛ビビンパ　＊キムチ変更,,,2,,5,2.5,2020-12-07,2020-12-07,21260,予測,米飯Ａライン,,昼勤,254.61,29,450,56014.2,,,8,2020-12-07,0,220,米飯Ａライン昼勤2020120720
467,清掃,,,,,,,2020-12-07,2020-12-07,,,米飯Ａライン,,昼勤,,15,,,,,8,2020-12-07,0,,
468,休憩,,,,,,,2020-12-07,2020-12-07,,,米飯Ａライン,,昼勤,,60,,,,,,2020-12-07,0,,
469,ＬＷおいなりさん五目,,,2,,,3,2020-12-07,2020-12-07,21040,予測,米飯Ａライン,,昼勤,85.8,21,643,18876,,,6,2020-12-07,0,220,米飯Ａライン昼勤2020120720
470,ＬＷおいなりさん鶏きのこ,,,2,,3,3,2020-12-07,2020-12-07,21501,予測,米飯Ａライン,,昼勤,110.22,6,643,6613.2,,,6,2020-12-07,0,60,米飯Ａライン昼勤2020120720
471,ＬＷＬだしの旨み！牛丼,,,2,,5,2.5,2020-12-07,2020-12-07,53934,予測,米飯Ａライン,,昼勤,287.73,21,550,54668.7,,,8,2020-12-07,0,190,米飯Ａライン昼勤2020120720
473,ＬＷ（東北）チキンカツ弁当,,,2,,5,2.5,2020-12-07,2020-12-07,21596,予測,米飯Ａライン,,昼勤,297.48,5,450,11899.2,,,8,2020-12-07,0,40,米飯Ａライン昼勤2020120720
446,ＬＷＬ照焼チキンたまごサンド,,,2,,5,3,2020-12-07,2020-12-07,8655,予測,調理パンＡライン,LW ｽﾗｲｽ 20湯捏Lｻﾝﾄﾞｲｯﾁ用食ﾊﾟﾝ10mm(ﾊﾟﾝ,昼勤,178.02,53,800,124614,800,2100,8,2020-12-07,0,700,調理パンＡライン昼勤2020120720
449,清掃,,,,,,,2020-12-07,2020-12-07,,,調理パンＡライン,,昼勤,,15,,,,,8,2020-12-07,0,,
474,ＬＷ牛すき焼重　＊漬物変更,,,2,,5,2.5,2020-12-07,2020-12-07,21152,予測,米飯Ａライン,,昼勤,452.2,4,450,13566,,,8,2020-12-07,0,30,米飯Ａライン昼勤2020120720
472,ＬＷＩＲＯＣＯＲＯ鮭の醤油焼わっぱ風弁当,,,2,,5,2.5,2020-12-07,2020-12-07,21527,予測,米飯Ａライン,,昼勤,338.79,12,450,30491.1,,,8,2020-12-07,0,90,米飯Ａライン昼勤2020120720
476,ＬＷＬ幸楽苑監修肉あんかけ炒飯,,,2,,5,2.5,2020-12-07,2020-12-07,21211,予測,米飯Ａライン,,昼勤,351.21,7,450,17560.5,,,8,2020-12-07,0,50,米飯Ａライン昼勤2020120720
493,予備,,,,,,,2020-12-08,2020-12-08,,,直巻おにぎりＢ,,昼勤,,30,,,,,3,2020-12-08,0,,
494,予備,,,,,,,2020-12-08,2020-12-08,,,直巻おにぎりＢ,,昼勤,,30,,,,,3,2020-12-08,0,,
495,休憩,,,,,,,2020-12-08,2020-12-08,,,直巻おにぎりＢ,,昼勤,,60,,,,,,2020-12-08,0,,
496,ＬＷ金しゃりおにぎり塩にぎり　＊炊飯変更,,,2,,,2.5,2020-12-08,2020-12-08,52422,予測,直巻おにぎりＢ,,昼勤,57.66,15,1300,19027.8,,,3,2020-12-08,0,330,直巻おにぎりＢ昼勤2020120820
497,ＬＷ金しゃりおにぎり熟成生たらこ,,,2,,5,2.5,2020-12-08,2020-12-08,21464,予測,直巻おにぎりＢ,,昼勤,120.78,7,1300,19324.8,,,4,2020-12-08,0,160,直巻おにぎりＢ昼勤2020120820
498,ＬＷ金しゃりおにぎり炙り辛子明太子,,,2,,5,2.5,2020-12-08,2020-12-08,21465,予測,直巻おにぎりＢ,,昼勤,118.95,4,1300,9516,,,4,2020-12-08,0,80,直巻おにぎりＢ昼勤2020120820
499,ＬＷ金しゃりおにぎり熟成すじこ醤油漬　＊炊飯変更,,,2,,5,2.5,2020-12-08,2020-12-08,52421,予測,直巻おにぎりＢ,,昼勤,124.44,8,1300,21154.8,,,3,2020-12-08,0,170,直巻おにぎりＢ昼勤2020120820
500,ＬＷ金しゃりおにぎりいくら醤油漬,,,2,,5,2.5,2020-12-08,2020-12-08,21477,予測,直巻おにぎりＢ,,昼勤,126.27,21,1300,58084.2,,,4,2020-12-08,0,460,直巻おにぎりＢ昼勤2020120820
501,ＬＷ金しゃりおにぎり焼さけハラミ,,,2,,5,2.5,2020-12-08,2020-12-08,21479,予測,直巻おにぎりＢ,,昼勤,123.34,37,1300,98672,,,4,2020-12-08,0,800,直巻おにぎりＢ昼勤2020120820
502,ＬＷ金しゃりおにぎり銀だら西京漬焼,,,2,,5,2.5,2020-12-08,2020-12-08,21577,予測,直巻おにぎりＢ,,昼勤,131.34,12,1300,34148.4,,,4,2020-12-08,0,260,直巻おにぎりＢ昼勤2020120820
479,玉取作業,2020-12-08,2020-12-08,,,,,2020-12-08,2020-12-08,,,手巻おにぎり,,昼勤,,120,,,,,3,2020-12-08,1,,
480,部品洗浄,2020-12-08,2020-12-08,,,,,2020-12-08,2020-12-08,,,手巻おにぎり,,昼勤,,30,,,,,3,2020-12-08,1,,
481,休憩,2020-12-08,2020-12-08,,,,,2020-12-08,2020-12-08,,,手巻おにぎり,,昼勤,,60,,,,,,2020-12-08,1,,
482,ＬＷ手巻おにぎり焼鮭ほぐし,2020-12-08,2020-12-08,2,0,,2.5,2020-12-08,2020-12-08,21352,予測,手巻おにぎり,,昼勤,90.35,34,1600,81315,,,3,2020-12-08,1,900,手巻おにぎり昼勤2020120820
484,ＬＷ手巻おにぎり熟成焼たらこ　＊炊飯変更,2020-12-08,2020-12-08,2,0,8,2.5,2020-12-08,2020-12-08,52413,予測,手巻おにぎり,,昼勤,91.74,5,1400,10091.4,,,2,2020-12-08,1,110,手巻おにぎり昼勤2020120820
483,ＬＷ手巻おにぎり熟成辛子明太子　＊炊飯変更,2020-12-08,2020-12-08,2,0,8,2.5,2020-12-08,2020-12-08,52381,予測,手巻おにぎり,,昼勤,90.07,16,1400,33325.9,,,2,2020-12-08,1,370,手巻おにぎり昼勤2020120820
488,ＬＷ手巻おにぎりねぎチャー,2020-12-08,2020-12-08,2,0,5,2.5,2020-12-08,2020-12-08,21526,予測,手巻おにぎり,,昼勤,90.35,10,1600,23491,,,3,2020-12-08,1,260,手巻おにぎり昼勤2020120820
486,ＬＷ手巻おにぎり牛タン味噌マヨ,2020-12-08,2020-12-08,2,0,5,2.5,2020-12-08,2020-12-08,21578,予測,手巻おにぎり,,昼勤,91.74,11,1600,26604.6,,,3,2020-12-08,1,290,手巻おにぎり昼勤2020120820
490,ＬＷ（東北）手巻おにぎり純和鶏使用やきとり（ねぎ醤,2020-12-08,2020-12-08,2,0,5,2.5,2020-12-08,2020-12-08,21640,予測,手巻おにぎり,,昼勤,97.82,21,1600,53801,,,3,2020-12-08,1,550,手巻おにぎり昼勤2020120820
485,ＬＷ手巻おにぎりすじこ（東北）＊炊飯変更,2020-12-08,2020-12-08,2,0,8,2.5,2020-12-08,2020-12-08,52379,予測,手巻おにぎり,,昼勤,97.23,24,1400,53476.5,,,2,2020-12-08,1,550,手巻おにぎり昼勤2020120820
487,ＬＷ手巻おにぎりエビラー,2020-12-08,2020-12-08,2,0,5,2.5,2020-12-08,2020-12-08,21525,予測,手巻おにぎり,,昼勤,90.35,9,1600,21684,,,3,2020-12-08,1,240,手巻おにぎり昼勤2020120820
489,ＬＷ手巻おにぎり菜彩鶏使用やきとり（辛味噌）,2020-12-08,2020-12-08,2,1,5,2.5,2020-12-08,2020-12-08,21378,前日,手巻おにぎり,,昼勤,97.82,1,1600,489.1,,,3,2020-12-08,1,5,手巻おにぎり昼勤2020120820
491,ＬＷ手巻おにぎり紀州南高梅　＊炊飯変更,2020-12-08,2020-12-08,2,0,5,2.5,2020-12-08,2020-12-08,52398,予測,手巻おにぎり,,昼勤,75.98,26,1600,53186,,,3,2020-12-08,1,700,手巻おにぎり昼勤2020120820
492,部品洗浄,2020-12-15,2020-12-15,,,,,2020-12-08,2020-12-08,,,手巻おにぎり,,昼勤,,60,,,,,3,2020-12-08,1,,
444,予備,,,,,,,2020-12-07,2020-12-07,,,調理パンＡライン,,昼勤,,30,,,,,8,2020-12-07,0,,
445,ＬＷＬひれかつＢＯＸ,,,2,,,3,2020-12-07,2020-12-07,9492,予測,調理パンＡライン,LWｽﾗｲｽ 20湯捏Lｻﾝﾄﾞｲｯﾁ用食ﾊﾟﾝ13mm(ﾊﾟﾝ),昼勤,241.15,38,800,120575,800,1000,8,2020-12-07,0,500,調理パンＡライン昼勤2020120720
477,ＬＷＬプリプリ海老チリ炒飯,,,2,,5,2.5,2020-12-07,2020-12-07,21506,予測,米飯Ａライン,,昼勤,351.21,27,450,70242,,,8,2020-12-07,0,200,米飯Ａライン昼勤2020120720
478,ＬＷＬふわとろたまオムライス,,,2,,5,2.5,2020-12-07,2020-12-07,53877,予測,米飯Ａライン,,昼勤,318.09,37,400,79522.5,,,8,2020-12-07,0,250,米飯Ａライン昼勤2020120720
503,ＬＷ金しゃりおにぎり黒毛和牛こぼし,,,2,,5,2.5,2020-12-08,2020-12-08,21524,予測,直巻おにぎりＢ,,昼勤,182.82,4,1300,14625.6,,,4,2020-12-08,0,80,直巻おにぎりＢ昼勤2020120820
504,ＬＷ金しゃりおにぎり松茸と和牛,,,2,,5,2.5,2020-12-08,2020-12-08,21476,前日,直巻おにぎりＢ,,昼勤,157.08,1,1300,2670.36,,,4,2020-12-08,0,17,直巻おにぎりＢ昼勤2020120820
505,ＬＷ大きなおにぎりピリ辛唐揚マヨ,,,2,,5,2.5,2020-12-08,2020-12-08,53930,予測,直巻おにぎりＢ,,昼勤,113.56,10,1200,22712,,,3,2020-12-08,0,200,直巻おにぎりＢ昼勤2020120820
506,ＬＷ吉村家監修焼豚おにぎり,,,2,,5,2.5,2020-12-08,2020-12-08,21556,予測,直巻おにぎりＢ,,昼勤,91.05,18,1300,35509.5,,,3,2020-12-08,0,390,直巻おにぎりＢ昼勤2020120820
507,ＬＷ東北）バター風味醤油仕立て青森県産帆立おにぎり,,,2,,5,2.5,2020-12-08,2020-12-08,21641,予測,直巻おにぎりＢ,,昼勤,94.52,25,1300,51986,,,3,2020-12-08,0,550,直巻おにぎりＢ昼勤2020120820
508,ＬＷおこわおにぎりあさりしぐれ煮,,,2,,5,2.5,2020-12-08,2020-12-08,21676,特注,直巻おにぎりＢ,,昼勤,100,1,1300,1000,,,3,2020-12-08,0,10,直巻おにぎりＢ昼勤2020120820
509,部品洗浄,,,,,,,2020-12-08,2020-12-08,,,直巻おにぎりＢ,,昼勤,,30,,,,,3,2020-12-08,0,,
510,ＬＷＬグードッグトマトオニオン,,,2,,,3,2020-12-08,2020-12-08,9932,予測,調理パンＢ・直巻おにぎりＡ,,昼勤,179.4,23,800,53820,,,5,2020-12-08,0,300,調理パンＢ・直巻おにぎりＡ昼勤2020120820
511,ＬＷＬグードッグミート＆チーズ,,,2,,5,3,2020-12-08,2020-12-08,9848,予測,調理パンＢ・直巻おにぎりＡ,,昼勤,179.4,5,800,10764,,,5,2020-12-08,0,60,調理パンＢ・直巻おにぎりＡ昼勤2020120820
512,ＬＷＬグードッグチリミート＆チーズ,,,2,,5,3,2020-12-08,2020-12-08,10082,特注,調理パンＢ・直巻おにぎりＡ,,昼勤,100,1,800,1000,,,5,2020-12-08,0,10,調理パンＢ・直巻おにぎりＡ昼勤2020120820
513,ＬＷＬチーズバーガー,,,2,,5,3,2020-12-08,2020-12-08,7664,予測,調理パンＢ・直巻おにぎりＡ,,昼勤,125.36,44,800,72708.8,,,5,2020-12-08,0,580,調理パンＢ・直巻おにぎりＡ昼勤2020120820
514,ＬＷＬとろとろＴＡＭＡＧＯ＆ベーコンバーガー,,,2,,5,3,2020-12-08,2020-12-08,10042,予測,調理パンＢ・直巻おにぎりＡ,,昼勤,186.48,14,800,33566.4,,,5,2020-12-08,0,180,調理パンＢ・直巻おにぎりＡ昼勤2020120820
515,予備,,,,,,,2020-12-08,2020-12-08,,,調理パンＢ・直巻おにぎりＡ,,昼勤,,60,,,,,5,2020-12-08,0,,
516,ＬＷわさびいなり２個入,,,2,,,3.5,2020-12-08,2020-12-08,21042,予測,調理パンＢ・直巻おにぎりＡ,,昼勤,96.2,14,750,17316,,,6,2020-12-08,0,180,調理パンＢ・直巻おにぎりＡ昼勤2020120820
517,ＬＷいなり３個入,,,2,,3,3.5,2020-12-08,2020-12-08,21043,予測,調理パンＢ・直巻おにぎりＡ,,昼勤,117.11,6,750,8197.7,,,6,2020-12-08,0,70,調理パンＢ・直巻おにぎりＡ昼勤2020120820
518,ＬＷ和風シーチキンマヨネーズおにぎり,,,2,,5,2.5,2020-12-08,2020-12-08,21317,予測,調理パンＢ・直巻おにぎりＡ,,昼勤,70.94,17,1600,31923,,,3,2020-12-08,0,450,調理パンＢ・直巻おにぎりＡ昼勤2020120820
519,ＬＷ早池峰みそ仕立ての焼おにぎり　＊炊飯変更,,,2,,5,2.5,2020-12-08,2020-12-08,53365,予測,調理パンＢ・直巻おにぎりＡ,,昼勤,72.15,16,1600,30303,,,2,2020-12-08,0,420,調理パンＢ・直巻おにぎりＡ昼勤2020120820
520,ＬＷねぎとろ巻８巻,,,2,,3,3.5,2020-12-08,2020-12-08,53145,予測,調理パンＢ・直巻おにぎりＡ,,昼勤,236.16,1,750,3542.4,,,5,2020-12-08,0,15,調理パンＢ・直巻おにぎりＡ昼勤2020120820
521,ＬＷにぎり寿司の盛合せ（予約）,,,2,,3,3,2020-12-08,2020-12-08,21568,特注,調理パンＢ・直巻おにぎりＡ,,昼勤,100,1,643,500,,,6,2020-12-08,0,5,調理パンＢ・直巻おにぎりＡ昼勤2020120820
522,ＬＷ花まり寿司折詰め（予約）,,,2,,3,3,2020-12-08,2020-12-08,21567,特注,調理パンＢ・直巻おにぎりＡ,,昼勤,100,1,643,500,,,6,2020-12-08,0,5,調理パンＢ・直巻おにぎりＡ昼勤2020120820
523,ＬＷオープンサンドプレート（予約）,,,2,,5,3,2020-12-08,2020-12-08,10009,特注,調理パンＢ・直巻おにぎりＡ,,昼勤,100,1,938,500,,,8,2020-12-08,0,5,調理パンＢ・直巻おにぎりＡ昼勤2020120820
524,ＬＷミニサンドイッチプレート（予約）,,,2,,5,3,2020-12-08,2020-12-08,10010,特注,調理パンＢ・直巻おにぎりＡ,,昼勤,100,1,938,500,,,8,2020-12-08,0,5,調理パンＢ・直巻おにぎりＡ昼勤2020120820
525,ＬＷサンドイッチプレート（予約）,,,2,,5,3,2020-12-08,2020-12-08,10011,特注,調理パンＢ・直巻おにぎりＡ,,昼勤,100,1,938,500,,,8,2020-12-08,0,5,調理パンＢ・直巻おにぎりＡ昼勤2020120820
529,ＬＷＬハムチーズたまごサンド,2020-12-08,2020-12-08,2,6,5,3,2020-12-08,2020-12-08,9694,予測,調理パンＡライン,LW ｽﾗｲｽ 20湯捏Lｻﾝﾄﾞｲｯﾁ用食ﾊﾟﾝ9mm(ﾊﾟﾝ),昼勤,176.64,54,800,127180.8,800,2160,8,2020-12-08,1,720,調理パンＡライン昼勤2020120820
531,清掃,2020-12-08,2020-12-08,,,,,2020-12-08,2020-12-08,,,調理パンＡライン,,昼勤,,15,,,,,8,2020-12-08,1,,
528,ＬＷＬ照焼チキンたまごサンド,2020-12-08,2020-12-08,2,5,5,3,2020-12-08,2020-12-08,8655,予測,調理パンＡライン,LW ｽﾗｲｽ 20湯捏Lｻﾝﾄﾞｲｯﾁ用食ﾊﾟﾝ10mm(ﾊﾟﾝ,昼勤,178.02,51,800,121053.6,800,2040,8,2020-12-08,1,680,調理パンＡライン昼勤2020120820
530,ＬＷジューシーハムサンド,2020-12-08,2020-12-08,2,7,5,3,2020-12-08,2020-12-08,9967,予測,調理パンＡライン,LWｽﾗｲｽ 20湯捏Lｻﾝﾄﾞｲｯﾁ用食ﾊﾟﾝ13mm(ﾊﾟﾝ),昼勤,157.74,44,800,91489.2,800,1160,8,2020-12-08,1,580,調理パンＡライン昼勤2020120820
533,休憩,2020-12-08,2020-12-08,,,,,2020-12-08,2020-12-08,,,調理パンＡライン,,昼勤,,60,,,,,,2020-12-08,1,,
526,予備,2020-12-08,2020-12-08,,,,,2020-12-08,2020-12-08,,,調理パンＡライン,,昼勤,,30,,,,,8,2020-12-08,1,,
532,ＬＷＬツナ＆たまごサンド,2020-12-08,2020-12-08,2,1,,3,2020-12-08,2020-12-08,9390,予測,調理パンＡライン,LWｽﾗｲｽ 20湯捏Lｻﾝﾄﾞｲｯﾁ用食ﾊﾟﾝ12mm(ﾊﾟﾝ),昼勤,132.93,52,1200,139576.5,800,2100,8,2020-12-08,1,1050,調理パンＡライン昼勤2020120820
534,ＬＷ３種のサラダサンド,2020-12-08,2020-12-08,2,0,,3,2020-12-08,2020-12-08,10008,予測,調理パンＡライン,LW ｽﾗｲｽ 20湯捏Lｻﾝﾄﾞｲｯﾁ用食ﾊﾟﾝ10mm(ﾊﾟﾝ,昼勤,152.96,32,800,64243.2,800,1260,8,2020-12-08,1,420,調理パンＡライン昼勤2020120820
542,予備,,,,,,,2020-12-08,2020-12-08,,,米飯Ａライン,,昼勤,,30,,,,,8,2020-12-08,0,,
535,ＬＷミックスサンド,2020-12-08,2020-12-08,2,0,5,3,2020-12-08,2020-12-08,9882,予測,調理パンＡライン,LWｽﾗｲｽ 20湯捏Lｻﾝﾄﾞｲｯﾁ用食ﾊﾟﾝ11mm(ﾊﾟﾝ),昼勤,150.57,34,800,67756.5,800,1350,8,2020-12-08,1,450,調理パンＡライン昼勤2020120820
536,ＬＷＬたまごサンド,2020-12-08,2020-12-08,2,123,5,3,2020-12-08,2020-12-08,9389,予測,調理パンＡライン,LW ｽﾗｲｽ 新20湯捏ｻﾝﾄﾞｲｯﾁ食ﾊﾟﾝ14mm(ﾊﾟﾝ),昼勤,135.04,20,1000,45913.6,800,680,8,2020-12-08,1,340,調理パンＡライン昼勤2020120820
537,ＬＷＬチキンカツサンド,2020-12-08,2020-12-08,2,0,5,3,2020-12-08,2020-12-08,9695,予測,調理パンＡライン,LWｽﾗｲｽ 20湯捏Lｻﾝﾄﾞｲｯﾁ用食ﾊﾟﾝ12mm(ﾊﾟﾝ),昼勤,212.52,8,800,21252,800,200,8,2020-12-08,1,100,調理パンＡライン昼勤2020120820
538,ＬＷＬまるまるＴＡＭＡＧＯサンド,2020-12-08,2020-12-08,2,0,5,3,2020-12-08,2020-12-08,9371,予測,調理パンＡライン,LWｽﾗｲｽ 20湯捏Lｻﾝﾄﾞｲｯﾁ用食ﾊﾟﾝ13mm(ﾊﾟﾝ),昼勤,192.4,9,800,26936,800,210,8,2020-12-08,1,140,調理パンＡライン昼勤2020120820
539,ＬＷ海老かつとたまごＢＯＸ,2020-12-08,2020-12-08,2,25,5,3,2020-12-08,2020-12-08,9698,予測,調理パンＡライン,LWｽﾗｲｽ18RMLP用食ﾊﾟﾝ3斤12mm(ﾊﾟﾝ)1905,昼勤,209.3,4,500,6279,800,75,8,2020-12-08,1,30,調理パンＡライン昼勤2020120820
540,ＬＷ手巻寿司ねぎとろ,2020-12-08,2020-12-08,2,7,3,3.5,2020-12-08,2020-12-08,21614,予測,調理パンＡライン,,昼勤,106.88,18,1000,32064,,,5,2020-12-08,1,300,調理パンＡライン昼勤2020120820
541,ＬＷ手巻寿司海老マヨ,2020-12-12,2020-12-12,2,5739,3,3.5,2020-12-08,2020-12-08,21621,前日,調理パンＡライン,,昼勤,95.46,13,1000,20619.36,,,5,2020-12-08,1,216,調理パンＡライン昼勤2020120820
543,ＬＷＬ四川風麻婆豆腐丼　＊白ねぎ変更,,,2,,,2.5,2020-12-08,2020-12-08,53139,予測,米飯Ａライン,,昼勤,274.62,28,600,76893.6,,,8,2020-12-08,0,280,米飯Ａライン昼勤2020120820
544,ＬＷＬ玉ねぎの旨み！チキンカツカレー,,,2,,5,2.5,2020-12-08,2020-12-08,21325,予測,米飯Ａライン,,昼勤,318.09,73,450,174949.5,,,8,2020-12-08,0,550,米飯Ａライン昼勤2020120820
527,ＬＷＬひれかつＢＯＸ,2020-12-08,2020-12-08,2,5,,3,2020-12-08,2020-12-08,9492,予測,調理パンＡライン,LWｽﾗｲｽ 20湯捏Lｻﾝﾄﾞｲｯﾁ用食ﾊﾟﾝ13mm(ﾊﾟﾝ),昼勤,241.15,38,800,120575,800,1000,8,2020-12-08,1,500,調理パンＡライン昼勤2020120820
545,ＬＷ豚カルビ弁当もち麦入り（チ弁東北）＊もち麦変更,,,2,,5,2.5,2020-12-08,2020-12-08,52050,予測,米飯Ａライン,,昼勤,245.39,98,520,208581.5,,,8,2020-12-08,0,850,米飯Ａライン昼勤2020120820
546,ＬＷ旨辛ビビンパ　＊キムチ変更,,,2,,5,2.5,2020-12-08,2020-12-08,21260,予測,米飯Ａライン,,昼勤,254.61,24,450,45829.8,,,8,2020-12-08,0,180,米飯Ａライン昼勤2020120820
547,清掃,,,,,,,2020-12-08,2020-12-08,,,米飯Ａライン,,昼勤,,15,,,,,8,2020-12-08,0,,
548,休憩,,,,,,,2020-12-08,2020-12-08,,,米飯Ａライン,,昼勤,,60,,,,,,2020-12-08,0,,
549,ＬＷおいなりさん五目,,,2,,,3,2020-12-08,2020-12-08,21040,予測,米飯Ａライン,,昼勤,85.8,21,643,18876,,,6,2020-12-08,0,220,米飯Ａライン昼勤2020120820
550,ＬＷおいなりさん鶏きのこ,,,2,,3,3,2020-12-08,2020-12-08,21501,予測,米飯Ａライン,,昼勤,110.22,7,643,7715.4,,,6,2020-12-08,0,70,米飯Ａライン昼勤2020120820
551,ＬＷＬだしの旨み！牛丼,,,2,,5,2.5,2020-12-08,2020-12-08,53934,予測,米飯Ａライン,,昼勤,287.73,16,550,43159.5,,,8,2020-12-08,0,150,米飯Ａライン昼勤2020120820
552,ＬＷＩＲＯＣＯＲＯ鮭の醤油焼わっぱ風弁当,,,2,,5,2.5,2020-12-08,2020-12-08,21527,予測,米飯Ａライン,,昼勤,338.79,16,450,40654.8,,,8,2020-12-08,0,120,米飯Ａライン昼勤2020120820
553,ＬＷ（東北）チキンカツ弁当,,,2,,5,2.5,2020-12-08,2020-12-08,21596,予測,米飯Ａライン,,昼勤,297.48,11,450,23798.4,,,8,2020-12-08,0,80,米飯Ａライン昼勤2020120820
554,ＬＷ牛すき焼重　＊漬物変更,,,2,,5,2.5,2020-12-08,2020-12-08,21152,前日,米飯Ａライン,,昼勤,452.2,5,450,16279.2,,,8,2020-12-08,0,36,米飯Ａライン昼勤2020120820
555,ＬＷ紅鮭和風幕の内,,,2,,5,2.5,2020-12-08,2020-12-08,21579,予測,米飯Ａライン,,昼勤,351.21,15,450,38633.1,,,8,2020-12-08,0,110,米飯Ａライン昼勤2020120820
556,ＬＴ）ＬＷガーリックチキンとおかず充実バランス,,,2,,5,2.5,2020-12-08,2020-12-08,21704,特注,米飯Ａライン,,昼勤,100,1,450,1000,,,8,2020-12-08,0,10,米飯Ａライン昼勤2020120820
557,ＬＷＬ幸楽苑監修肉あんかけ炒飯,,,2,,5,2.5,2020-12-08,2020-12-08,21211,予測,米飯Ａライン,,昼勤,351.21,4,450,10536.3,,,8,2020-12-08,0,30,米飯Ａライン昼勤2020120820
558,ＬＷＬプリプリ海老チリ炒飯,,,2,,5,2.5,2020-12-08,2020-12-08,21506,予測,米飯Ａライン,,昼勤,351.21,27,450,70242,,,8,2020-12-08,0,200,米飯Ａライン昼勤2020120820
559,ＬＷＬふわとろたまオムライス,,,2,,5,2.5,2020-12-08,2020-12-08,53877,予測,米飯Ａライン,,昼勤,318.09,36,400,76341.6,,,8,2020-12-08,0,240,米飯Ａライン昼勤2020120820
447,ＬＷＬハムチーズたまごサンド,,,2,,5,3,2020-12-07,2020-12-07,9694,予測,調理パンＡライン,LW ｽﾗｲｽ 20湯捏Lｻﾝﾄﾞｲｯﾁ用食ﾊﾟﾝ9mm(ﾊﾟﾝ),昼勤,176.64,55,800,128947.2,800,2190,8,2020-12-07,0,730,調理パンＡライン昼勤2020120720
448,ＬＷジューシーハムサンド,,,2,,5,3,2020-12-07,2020-12-07,9967,予測,調理パンＡライン,LWｽﾗｲｽ 20湯捏Lｻﾝﾄﾞｲｯﾁ用食ﾊﾟﾝ13mm(ﾊﾟﾝ),昼勤,157.74,52,800,108840.6,800,1380,8,2020-12-07,0,690,調理パンＡライン昼勤2020120720
450,ＬＷＬツナ＆たまごサンド,,,2,,,3,2020-12-07,2020-12-07,9390,予測,調理パンＡライン,LWｽﾗｲｽ 20湯捏Lｻﾝﾄﾞｲｯﾁ用食ﾊﾟﾝ12mm(ﾊﾟﾝ),昼勤,132.93,44,1500,146223,800,2200,8,2020-12-07,0,1100,調理パンＡライン昼勤2020120720
451,休憩,,,,,,,2020-12-07,2020-12-07,,,調理パンＡライン,,昼勤,,60,,,,,,2020-12-07,0,,
452,ＬＷ３種のサラダサンド,,,2,,,3,2020-12-07,2020-12-07,10008,予測,調理パンＡライン,LW ｽﾗｲｽ 20湯捏Lｻﾝﾄﾞｲｯﾁ用食ﾊﾟﾝ10mm(ﾊﾟﾝ,昼勤,152.96,26,800,53536,800,1050,8,2020-12-07,0,350,調理パンＡライン昼勤2020120720
453,ＬＷミックスサンド,,,2,,5,3,2020-12-07,2020-12-07,9882,予測,調理パンＡライン,LWｽﾗｲｽ 20湯捏Lｻﾝﾄﾞｲｯﾁ用食ﾊﾟﾝ11mm(ﾊﾟﾝ),昼勤,150.57,32,800,64745.1,800,1290,8,2020-12-07,0,430,調理パンＡライン昼勤2020120720
454,ＬＷＬたまごサンド,,,2,,5,3,2020-12-07,2020-12-07,9389,予測,調理パンＡライン,LW ｽﾗｲｽ 新20湯捏ｻﾝﾄﾞｲｯﾁ食ﾊﾟﾝ14mm(ﾊﾟﾝ),昼勤,135.04,20,1000,44563.2,800,660,8,2020-12-07,0,330,調理パンＡライン昼勤2020120720
455,ＬＷＬチキンカツサンド,,,2,,5,3,2020-12-07,2020-12-07,9695,予測,調理パンＡライン,LWｽﾗｲｽ 20湯捏Lｻﾝﾄﾞｲｯﾁ用食ﾊﾟﾝ12mm(ﾊﾟﾝ),昼勤,212.52,8,800,21252,800,200,8,2020-12-07,0,100,調理パンＡライン昼勤2020120720
456,ＬＷ海老かつとたまごＢＯＸ,,,2,,5,3,2020-12-07,2020-12-07,9698,予測,調理パンＡライン,LWｽﾗｲｽ18RMLP用食ﾊﾟﾝ3斤12mm(ﾊﾟﾝ)1905,昼勤,209.3,3,500,5232.5,800,63,8,2020-12-07,0,25,調理パンＡライン昼勤2020120720
457,ＬＷＬまるまるＴＡＭＡＧＯサンド,,,2,,5,3,2020-12-07,2020-12-07,9371,予測,調理パンＡライン,,昼勤,192.4,54,300,51948,,,8,2020-12-07,0,270,調理パンＡライン昼勤2020120720
475,ＬＷ紅鮭和風幕の内,,,2,,5,2.5,2020-12-07,2020-12-07,21579,予測,米飯Ａライン,,昼勤,351.21,17,450,45657.3,,,8,2020-12-07,0,130,米飯Ａライン昼勤2020120720
372,予備,,,,,,,2020-12-03,2020-12-03,,,調理パンＡライン,,昼勤,,30,,,,,8,2020-12-03,0,,
373,ＬＷＬひれかつＢＯＸ,,,2,,,3,2020-12-03,2020-12-03,9492,予測,調理パンＡライン,LWｽﾗｲｽ 20湯捏Lｻﾝﾄﾞｲｯﾁ用食ﾊﾟﾝ13mm(ﾊﾟﾝ),昼勤,241.15,38,800,120575,800,1000,8,2020-12-03,0,500,調理パンＡライン昼勤2020120320
375,ＬＷＬハムチーズたまごサンド,,,2,,5,3,2020-12-03,2020-12-03,9694,予測,調理パンＡライン,LW ｽﾗｲｽ 20湯捏Lｻﾝﾄﾞｲｯﾁ用食ﾊﾟﾝ9mm(ﾊﾟﾝ),昼勤,176.64,64,800,150144,800,2550,8,2020-12-03,0,850,調理パンＡライン昼勤2020120320
376,ＬＷジューシーハムサンド,,,2,,5,3,2020-12-03,2020-12-03,9967,予測,調理パンＡライン,LWｽﾗｲｽ 20湯捏Lｻﾝﾄﾞｲｯﾁ用食ﾊﾟﾝ13mm(ﾊﾟﾝ),昼勤,157.74,56,800,118305,800,1500,8,2020-12-03,0,750,調理パンＡライン昼勤2020120320
377,清掃,,,,,,,2020-12-03,2020-12-03,,,調理パンＡライン,,昼勤,,15,,,,,8,2020-12-03,0,,
378,ＬＷＬツナ＆たまごサンド,,,2,,,3,2020-12-03,2020-12-03,9390,予測,調理パンＡライン,LWｽﾗｲｽ 20湯捏Lｻﾝﾄﾞｲｯﾁ用食ﾊﾟﾝ12mm(ﾊﾟﾝ),昼勤,132.93,60,1200,159516,800,2400,8,2020-12-03,0,1200,調理パンＡライン昼勤2020120320
379,休憩,,,,,,,2020-12-03,2020-12-03,,,調理パンＡライン,,昼勤,,60,,,,,,2020-12-03,0,,
380,ＬＷ３種のサラダサンド,,,2,,,3,2020-12-03,2020-12-03,10008,予測,調理パンＡライン,LW ｽﾗｲｽ 20湯捏Lｻﾝﾄﾞｲｯﾁ用食ﾊﾟﾝ10mm(ﾊﾟﾝ,昼勤,152.96,38,800,76480,800,1500,8,2020-12-03,0,500,調理パンＡライン昼勤2020120320
381,ＬＷミックスサンド,,,2,,5,3,2020-12-03,2020-12-03,9882,予測,調理パンＡライン,LWｽﾗｲｽ 20湯捏Lｻﾝﾄﾞｲｯﾁ用食ﾊﾟﾝ11mm(ﾊﾟﾝ),昼勤,150.57,36,800,72273.6,800,1440,8,2020-12-03,0,480,調理パンＡライン昼勤2020120320
382,ＬＷＬたまごサンド,,,2,,5,3,2020-12-03,2020-12-03,9389,予測,調理パンＡライン,LW ｽﾗｲｽ 新20湯捏ｻﾝﾄﾞｲｯﾁ食ﾊﾟﾝ14mm(ﾊﾟﾝ),昼勤,135.04,22,1000,48614.4,800,720,8,2020-12-03,0,360,調理パンＡライン昼勤2020120320
383,ＬＷＬチキンカツサンド,,,2,,5,3,2020-12-03,2020-12-03,9695,予測,調理パンＡライン,LWｽﾗｲｽ 20湯捏Lｻﾝﾄﾞｲｯﾁ用食ﾊﾟﾝ12mm(ﾊﾟﾝ),昼勤,212.52,9,800,25502.4,800,240,8,2020-12-03,0,120,調理パンＡライン昼勤2020120320
384,ＬＷ海老かつとたまごＢＯＸ,,,2,,5,3,2020-12-03,2020-12-03,9698,予測,調理パンＡライン,LWｽﾗｲｽ18RMLP用食ﾊﾟﾝ3斤12mm(ﾊﾟﾝ)1905,昼勤,209.3,4,500,6279,800,75,8,2020-12-03,0,30,調理パンＡライン昼勤2020120320
385,ＬＷ手巻寿司ねぎとろ増量,,,2,,3,3,2020-12-03,2020-12-03,21555,予測,調理パンＡライン,,昼勤,106.88,28,1000,49164.8,,,6,2020-12-03,0,460,調理パンＡライン昼勤2020120320
386,ＬＷ手巻寿司海老マヨ増量,,,2,,3,3,2020-12-03,2020-12-03,21575,前日,調理パンＡライン,,昼勤,95.46,23,1000,36083.88,,,6,2020-12-03,0,378,調理パンＡライン昼勤2020120320
287,ＬＷＬハムチーズたまごサンド,,,2,,5,3,2020-11-17,2020-11-17,9694,確定,調理パンＡライン,LW ｽﾗｲｽ 20湯捏Lｻﾝﾄﾞｲｯﾁ用食ﾊﾟﾝ9mm(ﾊﾟﾝ),昼勤,176.64,60,800,141312,800,2400,8,2020-11-17,0,800,調理パンＡライン昼勤2020111720
288,ＬＷジューシーハムサンド,,,2,,5,3,2020-11-17,2020-11-17,9634,確定,調理パンＡライン,LWｽﾗｲｽ 20湯捏Lｻﾝﾄﾞｲｯﾁ用食ﾊﾟﾝ13mm(ﾊﾟﾝ),昼勤,157.74,36,1000,94644,800,1200,8,2020-11-17,0,600,調理パンＡライン昼勤2020111720
292,ＬＷＬツナ＆たまごサンド,,,2,,,3,2020-11-17,2020-11-17,9390,追加,調理パンＡライン,LWｽﾗｲｽ 20湯捏Lｻﾝﾄﾞｲｯﾁ用食ﾊﾟﾝ12mm(ﾊﾟﾝ),昼勤,132.93,9,800,16483.32,800,248,8,2020-11-17,0,124,調理パンＡライン昼勤2020111721
293,休憩,,,,,,,2020-11-17,2020-11-17,,,調理パンＡライン,,昼勤,,60,,,,,,2020-11-17,0,,
294,ＬＷ３種のサラダサンド,,,2,,,3,2020-11-17,2020-11-17,9544,確定,調理パンＡライン,LW ｽﾗｲｽ 20湯捏Lｻﾝﾄﾞｲｯﾁ用食ﾊﾟﾝ10mm(ﾊﾟﾝ,昼勤,152.96,10,800,19884.8,800,390,8,2020-11-17,0,130,調理パンＡライン昼勤2020111720
295,ＬＷ３種のサラダサンド,,,2,,,3,2020-11-17,2020-11-17,9544,追加,調理パンＡライン,LW ｽﾗｲｽ 20湯捏Lｻﾝﾄﾞｲｯﾁ用食ﾊﾟﾝ10mm(ﾊﾟﾝ,昼勤,152.96,2,800,4588.8,800,90,8,2020-11-17,0,30,調理パンＡライン昼勤2020111721
296,ＬＷミックスサンド,,,2,,5,3,2020-11-17,2020-11-17,9882,確定,調理パンＡライン,LWｽﾗｲｽ 20湯捏Lｻﾝﾄﾞｲｯﾁ用食ﾊﾟﾝ11mm(ﾊﾟﾝ),昼勤,150.57,36,800,72273.6,800,1440,8,2020-11-17,0,480,調理パンＡライン昼勤2020111720
297,ＬＷミックスサンド,,,2,,,3,2020-11-17,2020-11-17,9882,追加,調理パンＡライン,LWｽﾗｲｽ 20湯捏Lｻﾝﾄﾞｲｯﾁ用食ﾊﾟﾝ11mm(ﾊﾟﾝ),昼勤,150.57,3,800,6775.65,800,135,8,2020-11-17,0,45,調理パンＡライン昼勤2020111721
298,ＬＷＬたまごサンド,,,2,,5,3,2020-11-17,2020-11-17,9389,確定,調理パンＡライン,LW ｽﾗｲｽ 新20湯捏ｻﾝﾄﾞｲｯﾁ食ﾊﾟﾝ14mm(ﾊﾟﾝ),昼勤,135.04,24,1000,54016,800,800,8,2020-11-17,0,400,調理パンＡライン昼勤2020111720
299,ＬＷＬたまごサンド,,,2,,,3,2020-11-17,2020-11-17,9389,追加,調理パンＡライン,LW ｽﾗｲｽ 新20湯捏ｻﾝﾄﾞｲｯﾁ食ﾊﾟﾝ14mm(ﾊﾟﾝ),昼勤,135.04,3,800,4861.44,800,72,8,2020-11-17,0,36,調理パンＡライン昼勤2020111721
300,ＬＷＬ照焼チキンたまごサンド,,,2,,5,3,2020-11-17,2020-11-17,8655,追加,調理パンＡライン,LW ｽﾗｲｽ 20湯捏Lｻﾝﾄﾞｲｯﾁ用食ﾊﾟﾝ10mm(ﾊﾟﾝ,昼勤,178.02,5,800,11571.3,800,195,8,2020-11-17,0,65,調理パンＡライン昼勤2020111721
301,ＬＷＬチキンカツサンド,,,2,,5,3,2020-11-17,2020-11-17,9695,確定,調理パンＡライン,LWｽﾗｲｽ 20湯捏Lｻﾝﾄﾞｲｯﾁ用食ﾊﾟﾝ12mm(ﾊﾟﾝ),昼勤,212.52,10,800,27627.6,800,260,8,2020-11-17,0,130,調理パンＡライン昼勤2020111720
302,ＬＷＬチキンカツサンド,,,2,,,3,2020-11-17,2020-11-17,9695,追加,調理パンＡライン,LWｽﾗｲｽ 20湯捏Lｻﾝﾄﾞｲｯﾁ用食ﾊﾟﾝ12mm(ﾊﾟﾝ),昼勤,212.52,1,800,3187.8,800,30,8,2020-11-17,0,15,調理パンＡライン昼勤2020111721
303,ＬＷＬハムチーズたまごサンド,,,2,,5,3,2020-11-17,2020-11-17,9694,追加,調理パンＡライン,LW ｽﾗｲｽ 20湯捏Lｻﾝﾄﾞｲｯﾁ用食ﾊﾟﾝ9mm(ﾊﾟﾝ),昼勤,176.64,5,800,11658.24,800,198,8,2020-11-17,0,66,調理パンＡライン昼勤2020111721
304,ＬＷＬふっくりＴＡＭＡＧＯサンド,,,2,,5,3,2020-11-17,2020-11-17,9719,確定,調理パンＡライン,LW ｽﾗｲｽ 新20湯捏ｻﾝﾄﾞｲｯﾁ食ﾊﾟﾝ14mm(ﾊﾟﾝ),昼勤,173.88,2,800,4347,800,38,8,2020-11-17,0,25,調理パンＡライン昼勤2020111720
305,ＬＷ海老かつとたまごＢＯＸ,,,2,,5,3,2020-11-17,2020-11-17,9698,確定,調理パンＡライン,LWｽﾗｲｽ18RMLP用食ﾊﾟﾝ3斤12mm(ﾊﾟﾝ)1905,昼勤,209.3,6,500,10465,800,125,8,2020-11-17,0,50,調理パンＡライン昼勤2020111720
306,ＬＷ海老かつとたまごＢＯＸ,,,2,,,3,2020-11-17,2020-11-17,9698,追加,調理パンＡライン,LWｽﾗｲｽ18RMLP用食ﾊﾟﾝ3斤12mm(ﾊﾟﾝ)1905,昼勤,209.3,1,938,2930.2,800,35,8,2020-11-17,0,14,調理パンＡライン昼勤2020111721
